StartSession,18:48:07.5212288
({Id=0, Duration=2, Size=3, Colour1=0, Colour2=1, numDots1=150, numDots2=150, dotLifeBool=0, dotLifetime=20, Contrast=1, VelXLeft=-3.5, VelYLeft=0, CohLeft=100, VelXRight=0, VelYRight=0, CohRight=100}, 1),18:48:12.2476032
({Id=1, Duration=2, Size=3, Colour1=0, Colour2=1, numDots1=150, numDots2=150, dotLifeBool=0, dotLifetime=20, Contrast=1, VelXLeft=0, VelYLeft=0, CohLeft=100, VelXRight=-3.5, VelYRight=0, CohRight=100}, 2),18:48:17.9215488
({Id=1, Duration=2, Size=3, Colour1=0, Colour2=1, numDots1=150, numDots2=150, dotLifeBool=0, dotLifetime=20, Contrast=1, VelXLeft=0, VelYLeft=0, CohLeft=100, VelXRight=-3.5, VelYRight=0, CohRight=100}, 2),18:48:23.6466432
({Id=0, Duration=2, Size=3, Colour1=0, Colour2=1, numDots1=150, numDots2=150, dotLifeBool=0, dotLifetime=20, Contrast=1, VelXLeft=-3.5, VelYLeft=0, CohLeft=100, VelXRight=0, VelYRight=0, CohRight=100}, 1),18:48:29.4707200
({Id=1, Duration=2, Size=3, Colour1=0, Colour2=1, numDots1=150, numDots2=150, dotLifeBool=0, dotLifetime=20, Contrast=1, VelXLeft=0, VelYLeft=0, CohLeft=100, VelXRight=-3.5, VelYRight=0, CohRight=100}, 2),18:48:35.1959040
({Id=0, Duration=2, Size=3, Colour1=0, Colour2=1, numDots1=150, numDots2=150, dotLifeBool=0, dotLifetime=20, Contrast=1, VelXLeft=-3.5, VelYLeft=0, CohLeft=100, VelXRight=0, VelYRight=0, CohRight=100}, 1),18:48:40.7712896
({Id=0, Duration=2, Size=3, Colour1=0, Colour2=1, numDots1=150, numDots2=150, dotLifeBool=0, dotLifetime=20, Contrast=1, VelXLeft=-3.5, VelYLeft=0, CohLeft=100, VelXRight=0, VelYRight=0, CohRight=100}, 1),18:48:46.6456576
({Id=1, Duration=2, Size=3, Colour1=0, Colour2=1, numDots1=150, numDots2=150, dotLifeBool=0, dotLifetime=20, Contrast=1, VelXLeft=0, VelYLeft=0, CohLeft=100, VelXRight=-3.5, VelYRight=0, CohRight=100}, 2),18:48:52.2945536
({Id=1, Duration=2, Size=3, Colour1=0, Colour2=1, numDots1=150, numDots2=150, dotLifeBool=0, dotLifetime=20, Contrast=1, VelXLeft=0, VelYLeft=0, CohLeft=100, VelXRight=-3.5, VelYRight=0, CohRight=100}, 2),18:48:58.0699648
({Id=0, Duration=2, Size=3, Colour1=0, Colour2=1, numDots1=150, numDots2=150, dotLifeBool=0, dotLifetime=20, Contrast=1, VelXLeft=-3.5, VelYLeft=0, CohLeft=100, VelXRight=0, VelYRight=0, CohRight=100}, 1),18:49:03.8199040
({Id=1, Duration=2, Size=3, Colour1=0, Colour2=1, numDots1=150, numDots2=150, dotLifeBool=0, dotLifetime=20, Contrast=1, VelXLeft=0, VelYLeft=0, CohLeft=100, VelXRight=-3.5, VelYRight=0, CohRight=100}, 2),18:49:09.7952512
({Id=0, Duration=2, Size=3, Colour1=0, Colour2=1, numDots1=150, numDots2=150, dotLifeBool=0, dotLifetime=20, Contrast=1, VelXLeft=-3.5, VelYLeft=0, CohLeft=100, VelXRight=0, VelYRight=0, CohRight=100}, 1),18:49:15.6685952
({Id=0, Duration=2, Size=3, Colour1=0, Colour2=1, numDots1=150, numDots2=150, dotLifeBool=0, dotLifetime=20, Contrast=1, VelXLeft=-3.5, VelYLeft=0, CohLeft=100, VelXRight=0, VelYRight=0, CohRight=100}, 1),18:49:21.5684864
({Id=1, Duration=2, Size=3, Colour1=0, Colour2=1, numDots1=150, numDots2=150, dotLifeBool=0, dotLifetime=20, Contrast=1, VelXLeft=0, VelYLeft=0, CohLeft=100, VelXRight=-3.5, VelYRight=0, CohRight=100}, 2),18:49:27.4934144
({Id=0, Duration=2, Size=3, Colour1=0, Colour2=1, numDots1=150, numDots2=150, dotLifeBool=0, dotLifetime=20, Contrast=1, VelXLeft=-3.5, VelYLeft=0, CohLeft=100, VelXRight=0, VelYRight=0, CohRight=100}, 1),18:49:33.3931136
({Id=1, Duration=2, Size=3, Colour1=0, Colour2=1, numDots1=150, numDots2=150, dotLifeBool=0, dotLifetime=20, Contrast=1, VelXLeft=0, VelYLeft=0, CohLeft=100, VelXRight=-3.5, VelYRight=0, CohRight=100}, 2),18:49:39.1178752
({Id=1, Duration=2, Size=3, Colour1=0, Colour2=1, numDots1=150, numDots2=150, dotLifeBool=0, dotLifetime=20, Contrast=1, VelXLeft=0, VelYLeft=0, CohLeft=100, VelXRight=-3.5, VelYRight=0, CohRight=100}, 2),18:49:44.8177664
({Id=0, Duration=2, Size=3, Colour1=0, Colour2=1, numDots1=150, numDots2=150, dotLifeBool=0, dotLifetime=20, Contrast=1, VelXLeft=-3.5, VelYLeft=0, CohLeft=100, VelXRight=0, VelYRight=0, CohRight=100}, 1),18:49:50.7924224
({Id=0, Duration=2, Size=3, Colour1=0, Colour2=1, numDots1=150, numDots2=150, dotLifeBool=0, dotLifetime=20, Contrast=1, VelXLeft=-3.5, VelYLeft=0, CohLeft=100, VelXRight=0, VelYRight=0, CohRight=100}, 1),18:49:56.4673536
({Id=1, Duration=2, Size=3, Colour1=0, Colour2=1, numDots1=150, numDots2=150, dotLifeBool=0, dotLifetime=20, Contrast=1, VelXLeft=0, VelYLeft=0, CohLeft=100, VelXRight=-3.5, VelYRight=0, CohRight=100}, 2),18:50:02.1170176
({Id=1, Duration=2, Size=3, Colour1=0, Colour2=1, numDots1=150, numDots2=150, dotLifeBool=0, dotLifetime=20, Contrast=1, VelXLeft=0, VelYLeft=0, CohLeft=100, VelXRight=-3.5, VelYRight=0, CohRight=100}, 2),18:50:07.9169920
({Id=0, Duration=2, Size=3, Colour1=0, Colour2=1, numDots1=150, numDots2=150, dotLifeBool=0, dotLifetime=20, Contrast=1, VelXLeft=-3.5, VelYLeft=0, CohLeft=100, VelXRight=0, VelYRight=0, CohRight=100}, 1),18:50:13.7676544
({Id=1, Duration=2, Size=3, Colour1=0, Colour2=1, numDots1=150, numDots2=150, dotLifeBool=0, dotLifetime=20, Contrast=1, VelXLeft=0, VelYLeft=0, CohLeft=100, VelXRight=-3.5, VelYRight=0, CohRight=100}, 2),18:50:19.6414464
({Id=0, Duration=2, Size=3, Colour1=0, Colour2=1, numDots1=150, numDots2=150, dotLifeBool=0, dotLifetime=20, Contrast=1, VelXLeft=-3.5, VelYLeft=0, CohLeft=100, VelXRight=0, VelYRight=0, CohRight=100}, 1),18:50:25.2412160
({Id=0, Duration=2, Size=3, Colour1=0, Colour2=1, numDots1=150, numDots2=150, dotLifeBool=0, dotLifetime=20, Contrast=1, VelXLeft=-3.5, VelYLeft=0, CohLeft=100, VelXRight=0, VelYRight=0, CohRight=100}, 1),18:50:30.9409792
({Id=1, Duration=2, Size=3, Colour1=0, Colour2=1, numDots1=150, numDots2=150, dotLifeBool=0, dotLifetime=20, Contrast=1, VelXLeft=0, VelYLeft=0, CohLeft=100, VelXRight=-3.5, VelYRight=0, CohRight=100}, 2),18:50:36.5907712
({Id=1, Duration=2, Size=3, Colour1=0, Colour2=1, numDots1=150, numDots2=150, dotLifeBool=0, dotLifetime=20, Contrast=1, VelXLeft=0, VelYLeft=0, CohLeft=100, VelXRight=-3.5, VelYRight=0, CohRight=100}, 2),18:50:42.4655744
({Id=0, Duration=2, Size=3, Colour1=0, Colour2=1, numDots1=150, numDots2=150, dotLifeBool=0, dotLifetime=20, Contrast=1, VelXLeft=-3.5, VelYLeft=0, CohLeft=100, VelXRight=0, VelYRight=0, CohRight=100}, 1),18:50:48.1904896
({Id=1, Duration=2, Size=3, Colour1=0, Colour2=1, numDots1=150, numDots2=150, dotLifeBool=0, dotLifetime=20, Contrast=1, VelXLeft=0, VelYLeft=0, CohLeft=100, VelXRight=-3.5, VelYRight=0, CohRight=100}, 2),18:50:54.0651904
({Id=0, Duration=2, Size=3, Colour1=0, Colour2=1, numDots1=150, numDots2=150, dotLifeBool=0, dotLifetime=20, Contrast=1, VelXLeft=-3.5, VelYLeft=0, CohLeft=100, VelXRight=0, VelYRight=0, CohRight=100}, 1),18:50:59.9905792
({Id=1, Duration=2, Size=3, Colour1=0, Colour2=1, numDots1=150, numDots2=150, dotLifeBool=0, dotLifetime=20, Contrast=1, VelXLeft=0, VelYLeft=0, CohLeft=100, VelXRight=-3.5, VelYRight=0, CohRight=100}, 2),18:51:05.6152704
({Id=0, Duration=2, Size=3, Colour1=0, Colour2=1, numDots1=150, numDots2=150, dotLifeBool=0, dotLifetime=20, Contrast=1, VelXLeft=-3.5, VelYLeft=0, CohLeft=100, VelXRight=0, VelYRight=0, CohRight=100}, 1),18:51:11.2919680
({Id=0, Duration=2, Size=3, Colour1=0, Colour2=1, numDots1=150, numDots2=150, dotLifeBool=0, dotLifetime=20, Contrast=1, VelXLeft=-3.5, VelYLeft=0, CohLeft=100, VelXRight=0, VelYRight=0, CohRight=100}, 1),18:51:17.2399616
({Id=1, Duration=2, Size=3, Colour1=0, Colour2=1, numDots1=150, numDots2=150, dotLifeBool=0, dotLifetime=20, Contrast=1, VelXLeft=0, VelYLeft=0, CohLeft=100, VelXRight=-3.5, VelYRight=0, CohRight=100}, 2),18:51:22.9642368
({Id=1, Duration=2, Size=3, Colour1=0, Colour2=1, numDots1=150, numDots2=150, dotLifeBool=0, dotLifetime=20, Contrast=1, VelXLeft=0, VelYLeft=0, CohLeft=100, VelXRight=-3.5, VelYRight=0, CohRight=100}, 2),18:51:28.8899072
({Id=0, Duration=2, Size=3, Colour1=0, Colour2=1, numDots1=150, numDots2=150, dotLifeBool=0, dotLifetime=20, Contrast=1, VelXLeft=-3.5, VelYLeft=0, CohLeft=100, VelXRight=0, VelYRight=0, CohRight=100}, 1),18:51:34.7636864
({Id=0, Duration=2, Size=3, Colour1=0, Colour2=1, numDots1=150, numDots2=150, dotLifeBool=0, dotLifetime=20, Contrast=1, VelXLeft=-3.5, VelYLeft=0, CohLeft=100, VelXRight=0, VelYRight=0, CohRight=100}, 1),18:51:40.7396096
({Id=1, Duration=2, Size=3, Colour1=0, Colour2=1, numDots1=150, numDots2=150, dotLifeBool=0, dotLifetime=20, Contrast=1, VelXLeft=0, VelYLeft=0, CohLeft=100, VelXRight=-3.5, VelYRight=0, CohRight=100}, 2),18:51:46.4883328
({Id=0, Duration=2, Size=3, Colour1=0, Colour2=1, numDots1=150, numDots2=150, dotLifeBool=0, dotLifetime=20, Contrast=1, VelXLeft=-3.5, VelYLeft=0, CohLeft=100, VelXRight=0, VelYRight=0, CohRight=100}, 1),18:51:52.2136832
({Id=1, Duration=2, Size=3, Colour1=0, Colour2=1, numDots1=150, numDots2=150, dotLifeBool=0, dotLifetime=20, Contrast=1, VelXLeft=0, VelYLeft=0, CohLeft=100, VelXRight=-3.5, VelYRight=0, CohRight=100}, 2),18:51:58.1132032
({Id=1, Duration=2, Size=3, Colour1=0, Colour2=1, numDots1=150, numDots2=150, dotLifeBool=0, dotLifetime=20, Contrast=1, VelXLeft=0, VelYLeft=0, CohLeft=100, VelXRight=-3.5, VelYRight=0, CohRight=100}, 2),18:52:03.9881856
({Id=0, Duration=2, Size=3, Colour1=0, Colour2=1, numDots1=150, numDots2=150, dotLifeBool=0, dotLifetime=20, Contrast=1, VelXLeft=-3.5, VelYLeft=0, CohLeft=100, VelXRight=0, VelYRight=0, CohRight=100}, 1),18:52:09.9124480
({Id=1, Duration=2, Size=3, Colour1=0, Colour2=1, numDots1=150, numDots2=150, dotLifeBool=0, dotLifetime=20, Contrast=1, VelXLeft=0, VelYLeft=0, CohLeft=100, VelXRight=-3.5, VelYRight=0, CohRight=100}, 2),18:52:15.4633600
({Id=0, Duration=2, Size=3, Colour1=0, Colour2=1, numDots1=150, numDots2=150, dotLifeBool=0, dotLifetime=20, Contrast=1, VelXLeft=-3.5, VelYLeft=0, CohLeft=100, VelXRight=0, VelYRight=0, CohRight=100}, 1),18:52:21.0880512
({Id=1, Duration=2, Size=3, Colour1=0, Colour2=1, numDots1=150, numDots2=150, dotLifeBool=0, dotLifetime=20, Contrast=1, VelXLeft=0, VelYLeft=0, CohLeft=100, VelXRight=-3.5, VelYRight=0, CohRight=100}, 2),18:52:27.0867840
({Id=0, Duration=2, Size=3, Colour1=0, Colour2=1, numDots1=150, numDots2=150, dotLifeBool=0, dotLifetime=20, Contrast=1, VelXLeft=-3.5, VelYLeft=0, CohLeft=100, VelXRight=0, VelYRight=0, CohRight=100}, 1),18:52:33.0616448
({Id=0, Duration=2, Size=3, Colour1=0, Colour2=1, numDots1=150, numDots2=150, dotLifeBool=0, dotLifetime=20, Contrast=1, VelXLeft=-3.5, VelYLeft=0, CohLeft=100, VelXRight=0, VelYRight=0, CohRight=100}, 1),18:52:39.1117824
({Id=1, Duration=2, Size=3, Colour1=0, Colour2=1, numDots1=150, numDots2=150, dotLifeBool=0, dotLifetime=20, Contrast=1, VelXLeft=0, VelYLeft=0, CohLeft=100, VelXRight=-3.5, VelYRight=0, CohRight=100}, 2),18:52:45.1113216
({Id=0, Duration=2, Size=3, Colour1=0, Colour2=1, numDots1=150, numDots2=150, dotLifeBool=0, dotLifetime=20, Contrast=1, VelXLeft=-3.5, VelYLeft=0, CohLeft=100, VelXRight=0, VelYRight=0, CohRight=100}, 1),18:52:51.1359872
({Id=1, Duration=2, Size=3, Colour1=0, Colour2=1, numDots1=150, numDots2=150, dotLifeBool=0, dotLifetime=20, Contrast=1, VelXLeft=0, VelYLeft=0, CohLeft=100, VelXRight=-3.5, VelYRight=0, CohRight=100}, 2),18:52:56.8123648
({Id=0, Duration=2, Size=3, Colour1=0, Colour2=1, numDots1=150, numDots2=150, dotLifeBool=0, dotLifetime=20, Contrast=1, VelXLeft=-3.5, VelYLeft=0, CohLeft=100, VelXRight=0, VelYRight=0, CohRight=100}, 1),18:53:02.7878784
({Id=1, Duration=2, Size=3, Colour1=0, Colour2=1, numDots1=150, numDots2=150, dotLifeBool=0, dotLifetime=20, Contrast=1, VelXLeft=0, VelYLeft=0, CohLeft=100, VelXRight=-3.5, VelYRight=0, CohRight=100}, 2),18:53:08.5105664
({Id=1, Duration=2, Size=3, Colour1=0, Colour2=1, numDots1=150, numDots2=150, dotLifeBool=0, dotLifetime=20, Contrast=1, VelXLeft=0, VelYLeft=0, CohLeft=100, VelXRight=-3.5, VelYRight=0, CohRight=100}, 2),18:53:14.5362944
({Id=0, Duration=2, Size=3, Colour1=0, Colour2=1, numDots1=150, numDots2=150, dotLifeBool=0, dotLifetime=20, Contrast=1, VelXLeft=-3.5, VelYLeft=0, CohLeft=100, VelXRight=0, VelYRight=0, CohRight=100}, 1),18:53:20.4850560
({Id=0, Duration=2, Size=3, Colour1=0, Colour2=1, numDots1=150, numDots2=150, dotLifeBool=0, dotLifetime=20, Contrast=1, VelXLeft=-3.5, VelYLeft=0, CohLeft=100, VelXRight=0, VelYRight=0, CohRight=100}, 1),18:53:26.4597632
({Id=1, Duration=2, Size=3, Colour1=0, Colour2=1, numDots1=150, numDots2=150, dotLifeBool=0, dotLifetime=20, Contrast=1, VelXLeft=0, VelYLeft=0, CohLeft=100, VelXRight=-3.5, VelYRight=0, CohRight=100}, 2),18:53:32.2849792
({Id=1, Duration=2, Size=3, Colour1=0, Colour2=1, numDots1=150, numDots2=150, dotLifeBool=0, dotLifetime=20, Contrast=1, VelXLeft=0, VelYLeft=0, CohLeft=100, VelXRight=-3.5, VelYRight=0, CohRight=100}, 2),18:53:38.2347520
({Id=0, Duration=2, Size=3, Colour1=0, Colour2=1, numDots1=150, numDots2=150, dotLifeBool=0, dotLifetime=20, Contrast=1, VelXLeft=-3.5, VelYLeft=0, CohLeft=100, VelXRight=0, VelYRight=0, CohRight=100}, 1),18:53:44.0846592
({Id=0, Duration=2, Size=3, Colour1=0, Colour2=1, numDots1=150, numDots2=150, dotLifeBool=0, dotLifetime=20, Contrast=1, VelXLeft=-3.5, VelYLeft=0, CohLeft=100, VelXRight=0, VelYRight=0, CohRight=100}, 1),18:53:49.7103104
({Id=1, Duration=2, Size=3, Colour1=0, Colour2=1, numDots1=150, numDots2=150, dotLifeBool=0, dotLifetime=20, Contrast=1, VelXLeft=0, VelYLeft=0, CohLeft=100, VelXRight=-3.5, VelYRight=0, CohRight=100}, 2),18:53:55.2598656
({Id=0, Duration=2, Size=3, Colour1=0, Colour2=1, numDots1=150, numDots2=150, dotLifeBool=0, dotLifetime=20, Contrast=1, VelXLeft=-3.5, VelYLeft=0, CohLeft=100, VelXRight=0, VelYRight=0, CohRight=100}, 1),18:54:01.0850560
({Id=1, Duration=2, Size=3, Colour1=0, Colour2=1, numDots1=150, numDots2=150, dotLifeBool=0, dotLifetime=20, Contrast=1, VelXLeft=0, VelYLeft=0, CohLeft=100, VelXRight=-3.5, VelYRight=0, CohRight=100}, 2),18:54:06.9335808
({Id=0, Duration=2, Size=3, Colour1=0, Colour2=1, numDots1=150, numDots2=150, dotLifeBool=0, dotLifetime=20, Contrast=1, VelXLeft=-3.5, VelYLeft=0, CohLeft=100, VelXRight=0, VelYRight=0, CohRight=100}, 1),18:54:12.9336448
({Id=1, Duration=2, Size=3, Colour1=0, Colour2=1, numDots1=150, numDots2=150, dotLifeBool=0, dotLifetime=20, Contrast=1, VelXLeft=0, VelYLeft=0, CohLeft=100, VelXRight=-3.5, VelYRight=0, CohRight=100}, 2),18:54:18.7082368
({Id=1, Duration=2, Size=3, Colour1=0, Colour2=1, numDots1=150, numDots2=150, dotLifeBool=0, dotLifetime=20, Contrast=1, VelXLeft=0, VelYLeft=0, CohLeft=100, VelXRight=-3.5, VelYRight=0, CohRight=100}, 2),18:54:24.3326208
({Id=0, Duration=2, Size=3, Colour1=0, Colour2=1, numDots1=150, numDots2=150, dotLifeBool=0, dotLifetime=20, Contrast=1, VelXLeft=-3.5, VelYLeft=0, CohLeft=100, VelXRight=0, VelYRight=0, CohRight=100}, 1),18:54:30.2077824
({Id=1, Duration=2, Size=3, Colour1=0, Colour2=1, numDots1=150, numDots2=150, dotLifeBool=0, dotLifetime=20, Contrast=1, VelXLeft=0, VelYLeft=0, CohLeft=100, VelXRight=-3.5, VelYRight=0, CohRight=100}, 2),18:54:35.9585152
({Id=0, Duration=2, Size=3, Colour1=0, Colour2=1, numDots1=150, numDots2=150, dotLifeBool=0, dotLifetime=20, Contrast=1, VelXLeft=-3.5, VelYLeft=0, CohLeft=100, VelXRight=0, VelYRight=0, CohRight=100}, 1),18:54:41.5070976
({Id=1, Duration=2, Size=3, Colour1=0, Colour2=1, numDots1=150, numDots2=150, dotLifeBool=0, dotLifetime=20, Contrast=1, VelXLeft=0, VelYLeft=0, CohLeft=100, VelXRight=-3.5, VelYRight=0, CohRight=100}, 2),18:54:47.3086336
({Id=0, Duration=2, Size=3, Colour1=0, Colour2=1, numDots1=150, numDots2=150, dotLifeBool=0, dotLifetime=20, Contrast=1, VelXLeft=-3.5, VelYLeft=0, CohLeft=100, VelXRight=0, VelYRight=0, CohRight=100}, 1),18:54:52.9566336
({Id=0, Duration=2, Size=3, Colour1=0, Colour2=1, numDots1=150, numDots2=150, dotLifeBool=0, dotLifetime=20, Contrast=1, VelXLeft=-3.5, VelYLeft=0, CohLeft=100, VelXRight=0, VelYRight=0, CohRight=100}, 1),18:54:58.6313216
({Id=1, Duration=2, Size=3, Colour1=0, Colour2=1, numDots1=150, numDots2=150, dotLifeBool=0, dotLifetime=20, Contrast=1, VelXLeft=0, VelYLeft=0, CohLeft=100, VelXRight=-3.5, VelYRight=0, CohRight=100}, 2),18:55:04.5573760
({Id=0, Duration=2, Size=3, Colour1=0, Colour2=1, numDots1=150, numDots2=150, dotLifeBool=0, dotLifetime=20, Contrast=1, VelXLeft=-3.5, VelYLeft=0, CohLeft=100, VelXRight=0, VelYRight=0, CohRight=100}, 1),18:55:10.1814784
({Id=1, Duration=2, Size=3, Colour1=0, Colour2=1, numDots1=150, numDots2=150, dotLifeBool=0, dotLifetime=20, Contrast=1, VelXLeft=0, VelYLeft=0, CohLeft=100, VelXRight=-3.5, VelYRight=0, CohRight=100}, 2),18:55:15.7873920
({Id=1, Duration=2, Size=3, Colour1=0, Colour2=1, numDots1=150, numDots2=150, dotLifeBool=0, dotLifetime=20, Contrast=1, VelXLeft=0, VelYLeft=0, CohLeft=100, VelXRight=-3.5, VelYRight=0, CohRight=100}, 2),18:55:21.7309056
({Id=0, Duration=2, Size=3, Colour1=0, Colour2=1, numDots1=150, numDots2=150, dotLifeBool=0, dotLifetime=20, Contrast=1, VelXLeft=-3.5, VelYLeft=0, CohLeft=100, VelXRight=0, VelYRight=0, CohRight=100}, 1),18:55:27.6573696
({Id=0, Duration=2, Size=3, Colour1=0, Colour2=1, numDots1=150, numDots2=150, dotLifeBool=0, dotLifetime=20, Contrast=1, VelXLeft=-3.5, VelYLeft=0, CohLeft=100, VelXRight=0, VelYRight=0, CohRight=100}, 1),18:55:33.4059136
({Id=1, Duration=2, Size=3, Colour1=0, Colour2=1, numDots1=150, numDots2=150, dotLifeBool=0, dotLifetime=20, Contrast=1, VelXLeft=0, VelYLeft=0, CohLeft=100, VelXRight=-3.5, VelYRight=0, CohRight=100}, 2),18:55:39.3813632
({Id=0, Duration=2, Size=3, Colour1=0, Colour2=1, numDots1=150, numDots2=150, dotLifeBool=0, dotLifetime=20, Contrast=1, VelXLeft=-3.5, VelYLeft=0, CohLeft=100, VelXRight=0, VelYRight=0, CohRight=100}, 1),18:55:45.1798912
({Id=1, Duration=2, Size=3, Colour1=0, Colour2=1, numDots1=150, numDots2=150, dotLifeBool=0, dotLifetime=20, Contrast=1, VelXLeft=0, VelYLeft=0, CohLeft=100, VelXRight=-3.5, VelYRight=0, CohRight=100}, 2),18:55:51.0045696
({Id=0, Duration=2, Size=3, Colour1=0, Colour2=1, numDots1=150, numDots2=150, dotLifeBool=0, dotLifetime=20, Contrast=1, VelXLeft=-3.5, VelYLeft=0, CohLeft=100, VelXRight=0, VelYRight=0, CohRight=100}, 1),18:55:56.7309696
({Id=1, Duration=2, Size=3, Colour1=0, Colour2=1, numDots1=150, numDots2=150, dotLifeBool=0, dotLifetime=20, Contrast=1, VelXLeft=0, VelYLeft=0, CohLeft=100, VelXRight=-3.5, VelYRight=0, CohRight=100}, 2),18:56:02.7046912
({Id=1, Duration=2, Size=3, Colour1=0, Colour2=1, numDots1=150, numDots2=150, dotLifeBool=0, dotLifetime=20, Contrast=1, VelXLeft=0, VelYLeft=0, CohLeft=100, VelXRight=-3.5, VelYRight=0, CohRight=100}, 2),18:56:08.2541312
({Id=0, Duration=2, Size=3, Colour1=0, Colour2=1, numDots1=150, numDots2=150, dotLifeBool=0, dotLifetime=20, Contrast=1, VelXLeft=-3.5, VelYLeft=0, CohLeft=100, VelXRight=0, VelYRight=0, CohRight=100}, 1),18:56:14.2296064
({Id=1, Duration=2, Size=3, Colour1=0, Colour2=1, numDots1=150, numDots2=150, dotLifeBool=0, dotLifetime=20, Contrast=1, VelXLeft=0, VelYLeft=0, CohLeft=100, VelXRight=-3.5, VelYRight=0, CohRight=100}, 2),18:56:20.2539264
({Id=0, Duration=2, Size=3, Colour1=0, Colour2=1, numDots1=150, numDots2=150, dotLifeBool=0, dotLifetime=20, Contrast=1, VelXLeft=-3.5, VelYLeft=0, CohLeft=100, VelXRight=0, VelYRight=0, CohRight=100}, 1),18:56:26.1535488
({Id=1, Duration=2, Size=3, Colour1=0, Colour2=1, numDots1=150, numDots2=150, dotLifeBool=0, dotLifetime=20, Contrast=1, VelXLeft=0, VelYLeft=0, CohLeft=100, VelXRight=-3.5, VelYRight=0, CohRight=100}, 2),18:56:31.8541312
({Id=0, Duration=2, Size=3, Colour1=0, Colour2=1, numDots1=150, numDots2=150, dotLifeBool=0, dotLifetime=20, Contrast=1, VelXLeft=-3.5, VelYLeft=0, CohLeft=100, VelXRight=0, VelYRight=0, CohRight=100}, 1),18:56:37.7039232
({Id=1, Duration=2, Size=3, Colour1=0, Colour2=1, numDots1=150, numDots2=150, dotLifeBool=0, dotLifetime=20, Contrast=1, VelXLeft=0, VelYLeft=0, CohLeft=100, VelXRight=-3.5, VelYRight=0, CohRight=100}, 2),18:56:43.4284160
({Id=0, Duration=2, Size=3, Colour1=0, Colour2=1, numDots1=150, numDots2=150, dotLifeBool=0, dotLifetime=20, Contrast=1, VelXLeft=-3.5, VelYLeft=0, CohLeft=100, VelXRight=0, VelYRight=0, CohRight=100}, 1),18:56:49.0783232
({Id=0, Duration=2, Size=3, Colour1=0, Colour2=1, numDots1=150, numDots2=150, dotLifeBool=0, dotLifetime=20, Contrast=1, VelXLeft=-3.5, VelYLeft=0, CohLeft=100, VelXRight=0, VelYRight=0, CohRight=100}, 1),18:56:54.9773952
({Id=1, Duration=2, Size=3, Colour1=0, Colour2=1, numDots1=150, numDots2=150, dotLifeBool=0, dotLifetime=20, Contrast=1, VelXLeft=0, VelYLeft=0, CohLeft=100, VelXRight=-3.5, VelYRight=0, CohRight=100}, 2),18:57:00.8271744
({Id=0, Duration=2, Size=3, Colour1=0, Colour2=1, numDots1=150, numDots2=150, dotLifeBool=0, dotLifetime=20, Contrast=1, VelXLeft=-3.5, VelYLeft=0, CohLeft=100, VelXRight=0, VelYRight=0, CohRight=100}, 1),18:57:06.8518016
({Id=1, Duration=2, Size=3, Colour1=0, Colour2=1, numDots1=150, numDots2=150, dotLifeBool=0, dotLifetime=20, Contrast=1, VelXLeft=0, VelYLeft=0, CohLeft=100, VelXRight=-3.5, VelYRight=0, CohRight=100}, 2),18:57:12.6782336
({Id=1, Duration=2, Size=3, Colour1=0, Colour2=1, numDots1=150, numDots2=150, dotLifeBool=0, dotLifetime=20, Contrast=1, VelXLeft=0, VelYLeft=0, CohLeft=100, VelXRight=-3.5, VelYRight=0, CohRight=100}, 2),18:57:18.5276544
({Id=0, Duration=2, Size=3, Colour1=0, Colour2=1, numDots1=150, numDots2=150, dotLifeBool=0, dotLifetime=20, Contrast=1, VelXLeft=-3.5, VelYLeft=0, CohLeft=100, VelXRight=0, VelYRight=0, CohRight=100}, 1),18:57:24.3017984
({Id=1, Duration=2, Size=3, Colour1=0, Colour2=1, numDots1=150, numDots2=150, dotLifeBool=0, dotLifetime=20, Contrast=1, VelXLeft=0, VelYLeft=0, CohLeft=100, VelXRight=-3.5, VelYRight=0, CohRight=100}, 2),18:57:30.2773888
({Id=0, Duration=2, Size=3, Colour1=0, Colour2=1, numDots1=150, numDots2=150, dotLifeBool=0, dotLifetime=20, Contrast=1, VelXLeft=-3.5, VelYLeft=0, CohLeft=100, VelXRight=0, VelYRight=0, CohRight=100}, 1),18:57:36.1008512
({Id=0, Duration=2, Size=3, Colour1=0, Colour2=1, numDots1=150, numDots2=150, dotLifeBool=0, dotLifetime=20, Contrast=1, VelXLeft=-3.5, VelYLeft=0, CohLeft=100, VelXRight=0, VelYRight=0, CohRight=100}, 1),18:57:41.6510464
({Id=1, Duration=2, Size=3, Colour1=0, Colour2=1, numDots1=150, numDots2=150, dotLifeBool=0, dotLifetime=20, Contrast=1, VelXLeft=0, VelYLeft=0, CohLeft=100, VelXRight=-3.5, VelYRight=0, CohRight=100}, 2),18:57:47.3517184
({Id=1, Duration=2, Size=3, Colour1=0, Colour2=1, numDots1=150, numDots2=150, dotLifeBool=0, dotLifetime=20, Contrast=1, VelXLeft=0, VelYLeft=0, CohLeft=100, VelXRight=-3.5, VelYRight=0, CohRight=100}, 2),18:57:53.2253568
({Id=0, Duration=2, Size=3, Colour1=0, Colour2=1, numDots1=150, numDots2=150, dotLifeBool=0, dotLifetime=20, Contrast=1, VelXLeft=-3.5, VelYLeft=0, CohLeft=100, VelXRight=0, VelYRight=0, CohRight=100}, 1),18:57:58.8249600
({Id=0, Duration=2, Size=3, Colour1=0, Colour2=1, numDots1=150, numDots2=150, dotLifeBool=0, dotLifetime=20, Contrast=1, VelXLeft=-3.5, VelYLeft=0, CohLeft=100, VelXRight=0, VelYRight=0, CohRight=100}, 1),18:58:04.8006528
({Id=1, Duration=2, Size=3, Colour1=0, Colour2=1, numDots1=150, numDots2=150, dotLifeBool=0, dotLifetime=20, Contrast=1, VelXLeft=0, VelYLeft=0, CohLeft=100, VelXRight=-3.5, VelYRight=0, CohRight=100}, 2),18:58:10.6258176
({Id=1, Duration=2, Size=3, Colour1=0, Colour2=1, numDots1=150, numDots2=150, dotLifeBool=0, dotLifetime=20, Contrast=1, VelXLeft=0, VelYLeft=0, CohLeft=100, VelXRight=-3.5, VelYRight=0, CohRight=100}, 2),18:58:16.5004032
({Id=0, Duration=2, Size=3, Colour1=0, Colour2=1, numDots1=150, numDots2=150, dotLifeBool=0, dotLifetime=20, Contrast=1, VelXLeft=-3.5, VelYLeft=0, CohLeft=100, VelXRight=0, VelYRight=0, CohRight=100}, 1),18:58:22.4007424
({Id=1, Duration=2, Size=3, Colour1=0, Colour2=1, numDots1=150, numDots2=150, dotLifeBool=0, dotLifetime=20, Contrast=1, VelXLeft=0, VelYLeft=0, CohLeft=100, VelXRight=-3.5, VelYRight=0, CohRight=100}, 2),18:58:28.0989568
({Id=0, Duration=2, Size=3, Colour1=0, Colour2=1, numDots1=150, numDots2=150, dotLifeBool=0, dotLifetime=20, Contrast=1, VelXLeft=-3.5, VelYLeft=0, CohLeft=100, VelXRight=0, VelYRight=0, CohRight=100}, 1),18:58:33.8996736
({Id=0, Duration=2, Size=3, Colour1=0, Colour2=1, numDots1=150, numDots2=150, dotLifeBool=0, dotLifetime=20, Contrast=1, VelXLeft=-3.5, VelYLeft=0, CohLeft=100, VelXRight=0, VelYRight=0, CohRight=100}, 1),18:58:39.5234304
({Id=1, Duration=2, Size=3, Colour1=0, Colour2=1, numDots1=150, numDots2=150, dotLifeBool=0, dotLifetime=20, Contrast=1, VelXLeft=0, VelYLeft=0, CohLeft=100, VelXRight=-3.5, VelYRight=0, CohRight=100}, 2),18:58:45.3237248
({Id=0, Duration=2, Size=3, Colour1=0, Colour2=1, numDots1=150, numDots2=150, dotLifeBool=0, dotLifetime=20, Contrast=1, VelXLeft=-3.5, VelYLeft=0, CohLeft=100, VelXRight=0, VelYRight=0, CohRight=100}, 1),18:58:51.1246208
({Id=1, Duration=2, Size=3, Colour1=0, Colour2=1, numDots1=150, numDots2=150, dotLifeBool=0, dotLifetime=20, Contrast=1, VelXLeft=0, VelYLeft=0, CohLeft=100, VelXRight=-3.5, VelYRight=0, CohRight=100}, 2),18:58:57.1228032
({Id=1, Duration=2, Size=3, Colour1=0, Colour2=1, numDots1=150, numDots2=150, dotLifeBool=0, dotLifetime=20, Contrast=1, VelXLeft=0, VelYLeft=0, CohLeft=100, VelXRight=-3.5, VelYRight=0, CohRight=100}, 2),18:59:02.8729984
({Id=0, Duration=2, Size=3, Colour1=0, Colour2=1, numDots1=150, numDots2=150, dotLifeBool=0, dotLifetime=20, Contrast=1, VelXLeft=-3.5, VelYLeft=0, CohLeft=100, VelXRight=0, VelYRight=0, CohRight=100}, 1),18:59:08.4235136
({Id=1, Duration=2, Size=3, Colour1=0, Colour2=1, numDots1=150, numDots2=150, dotLifeBool=0, dotLifetime=20, Contrast=1, VelXLeft=0, VelYLeft=0, CohLeft=100, VelXRight=-3.5, VelYRight=0, CohRight=100}, 2),18:59:14.0989568
({Id=0, Duration=2, Size=3, Colour1=0, Colour2=1, numDots1=150, numDots2=150, dotLifeBool=0, dotLifetime=20, Contrast=1, VelXLeft=-3.5, VelYLeft=0, CohLeft=100, VelXRight=0, VelYRight=0, CohRight=100}, 1),18:59:19.9726976
({Id=0, Duration=2, Size=3, Colour1=0, Colour2=1, numDots1=150, numDots2=150, dotLifeBool=0, dotLifetime=20, Contrast=1, VelXLeft=-3.5, VelYLeft=0, CohLeft=100, VelXRight=0, VelYRight=0, CohRight=100}, 1),18:59:25.5968896
({Id=1, Duration=2, Size=3, Colour1=0, Colour2=1, numDots1=150, numDots2=150, dotLifeBool=0, dotLifetime=20, Contrast=1, VelXLeft=0, VelYLeft=0, CohLeft=100, VelXRight=-3.5, VelYRight=0, CohRight=100}, 2),18:59:31.1715840
({Id=0, Duration=2, Size=3, Colour1=0, Colour2=1, numDots1=150, numDots2=150, dotLifeBool=0, dotLifetime=20, Contrast=1, VelXLeft=-3.5, VelYLeft=0, CohLeft=100, VelXRight=0, VelYRight=0, CohRight=100}, 1),18:59:37.0489216
({Id=1, Duration=2, Size=3, Colour1=0, Colour2=1, numDots1=150, numDots2=150, dotLifeBool=0, dotLifetime=20, Contrast=1, VelXLeft=0, VelYLeft=0, CohLeft=100, VelXRight=-3.5, VelYRight=0, CohRight=100}, 2),18:59:42.7217024
({Id=1, Duration=2, Size=3, Colour1=0, Colour2=1, numDots1=150, numDots2=150, dotLifeBool=0, dotLifetime=20, Contrast=1, VelXLeft=0, VelYLeft=0, CohLeft=100, VelXRight=-3.5, VelYRight=0, CohRight=100}, 2),18:59:48.4214784
({Id=0, Duration=2, Size=3, Colour1=0, Colour2=1, numDots1=150, numDots2=150, dotLifeBool=0, dotLifetime=20, Contrast=1, VelXLeft=-3.5, VelYLeft=0, CohLeft=100, VelXRight=0, VelYRight=0, CohRight=100}, 1),18:59:54.0464640
({Id=1, Duration=2, Size=3, Colour1=0, Colour2=1, numDots1=150, numDots2=150, dotLifeBool=0, dotLifetime=20, Contrast=1, VelXLeft=0, VelYLeft=0, CohLeft=100, VelXRight=-3.5, VelYRight=0, CohRight=100}, 2),18:59:59.5960704
({Id=0, Duration=2, Size=3, Colour1=0, Colour2=1, numDots1=150, numDots2=150, dotLifeBool=0, dotLifetime=20, Contrast=1, VelXLeft=-3.5, VelYLeft=0, CohLeft=100, VelXRight=0, VelYRight=0, CohRight=100}, 1),19:00:05.5983104
({Id=1, Duration=2, Size=3, Colour1=0, Colour2=1, numDots1=150, numDots2=150, dotLifeBool=0, dotLifetime=20, Contrast=1, VelXLeft=0, VelYLeft=0, CohLeft=100, VelXRight=-3.5, VelYRight=0, CohRight=100}, 2),19:00:11.3708800
({Id=0, Duration=2, Size=3, Colour1=0, Colour2=1, numDots1=150, numDots2=150, dotLifeBool=0, dotLifetime=20, Contrast=1, VelXLeft=-3.5, VelYLeft=0, CohLeft=100, VelXRight=0, VelYRight=0, CohRight=100}, 1),19:00:17.3703680
({Id=1, Duration=2, Size=3, Colour1=0, Colour2=1, numDots1=150, numDots2=150, dotLifeBool=0, dotLifetime=20, Contrast=1, VelXLeft=0, VelYLeft=0, CohLeft=100, VelXRight=-3.5, VelYRight=0, CohRight=100}, 2),19:00:22.9949952
({Id=0, Duration=2, Size=3, Colour1=0, Colour2=1, numDots1=150, numDots2=150, dotLifeBool=0, dotLifetime=20, Contrast=1, VelXLeft=-3.5, VelYLeft=0, CohLeft=100, VelXRight=0, VelYRight=0, CohRight=100}, 1),19:00:28.5446528
({Id=1, Duration=2, Size=3, Colour1=0, Colour2=1, numDots1=150, numDots2=150, dotLifeBool=0, dotLifetime=20, Contrast=1, VelXLeft=0, VelYLeft=0, CohLeft=100, VelXRight=-3.5, VelYRight=0, CohRight=100}, 2),19:00:34.3453696
({Id=0, Duration=2, Size=3, Colour1=0, Colour2=1, numDots1=150, numDots2=150, dotLifeBool=0, dotLifetime=20, Contrast=1, VelXLeft=-3.5, VelYLeft=0, CohLeft=100, VelXRight=0, VelYRight=0, CohRight=100}, 1),19:00:40.1943680
({Id=0, Duration=2, Size=3, Colour1=0, Colour2=1, numDots1=150, numDots2=150, dotLifeBool=0, dotLifetime=20, Contrast=1, VelXLeft=-3.5, VelYLeft=0, CohLeft=100, VelXRight=0, VelYRight=0, CohRight=100}, 1),19:00:45.7688832
({Id=1, Duration=2, Size=3, Colour1=0, Colour2=1, numDots1=150, numDots2=150, dotLifeBool=0, dotLifetime=20, Contrast=1, VelXLeft=0, VelYLeft=0, CohLeft=100, VelXRight=-3.5, VelYRight=0, CohRight=100}, 2),19:00:51.5941504
({Id=1, Duration=2, Size=3, Colour1=0, Colour2=1, numDots1=150, numDots2=150, dotLifeBool=0, dotLifetime=20, Contrast=1, VelXLeft=0, VelYLeft=0, CohLeft=100, VelXRight=-3.5, VelYRight=0, CohRight=100}, 2),19:00:57.1936256
({Id=0, Duration=2, Size=3, Colour1=0, Colour2=1, numDots1=150, numDots2=150, dotLifeBool=0, dotLifetime=20, Contrast=1, VelXLeft=-3.5, VelYLeft=0, CohLeft=100, VelXRight=0, VelYRight=0, CohRight=100}, 1),19:01:03.0683776
({Id=1, Duration=2, Size=3, Colour1=0, Colour2=1, numDots1=150, numDots2=150, dotLifeBool=0, dotLifetime=20, Contrast=1, VelXLeft=0, VelYLeft=0, CohLeft=100, VelXRight=-3.5, VelYRight=0, CohRight=100}, 2),19:01:08.8682368
({Id=0, Duration=2, Size=3, Colour1=0, Colour2=1, numDots1=150, numDots2=150, dotLifeBool=0, dotLifetime=20, Contrast=1, VelXLeft=-3.5, VelYLeft=0, CohLeft=100, VelXRight=0, VelYRight=0, CohRight=100}, 1),19:01:14.6435968
({Id=1, Duration=2, Size=3, Colour1=0, Colour2=1, numDots1=150, numDots2=150, dotLifeBool=0, dotLifetime=20, Contrast=1, VelXLeft=0, VelYLeft=0, CohLeft=100, VelXRight=-3.5, VelYRight=0, CohRight=100}, 2),19:01:20.3439232
({Id=0, Duration=2, Size=3, Colour1=0, Colour2=1, numDots1=150, numDots2=150, dotLifeBool=0, dotLifetime=20, Contrast=1, VelXLeft=-3.5, VelYLeft=0, CohLeft=100, VelXRight=0, VelYRight=0, CohRight=100}, 1),19:01:26.2678912
({Id=0, Duration=2, Size=3, Colour1=0, Colour2=1, numDots1=150, numDots2=150, dotLifeBool=0, dotLifetime=20, Contrast=1, VelXLeft=-3.5, VelYLeft=0, CohLeft=100, VelXRight=0, VelYRight=0, CohRight=100}, 1),19:01:31.9177216
({Id=1, Duration=2, Size=3, Colour1=0, Colour2=1, numDots1=150, numDots2=150, dotLifeBool=0, dotLifetime=20, Contrast=1, VelXLeft=0, VelYLeft=0, CohLeft=100, VelXRight=-3.5, VelYRight=0, CohRight=100}, 2),19:01:37.5176064
({Id=1, Duration=2, Size=3, Colour1=0, Colour2=1, numDots1=150, numDots2=150, dotLifeBool=0, dotLifetime=20, Contrast=1, VelXLeft=0, VelYLeft=0, CohLeft=100, VelXRight=-3.5, VelYRight=0, CohRight=100}, 2),19:01:43.0677760
({Id=0, Duration=2, Size=3, Colour1=0, Colour2=1, numDots1=150, numDots2=150, dotLifeBool=0, dotLifetime=20, Contrast=1, VelXLeft=-3.5, VelYLeft=0, CohLeft=100, VelXRight=0, VelYRight=0, CohRight=100}, 1),19:01:49.0170624
({Id=0, Duration=2, Size=3, Colour1=0, Colour2=1, numDots1=150, numDots2=150, dotLifeBool=0, dotLifetime=20, Contrast=1, VelXLeft=-3.5, VelYLeft=0, CohLeft=100, VelXRight=0, VelYRight=0, CohRight=100}, 1),19:01:54.8174336
({Id=1, Duration=2, Size=3, Colour1=0, Colour2=1, numDots1=150, numDots2=150, dotLifeBool=0, dotLifetime=20, Contrast=1, VelXLeft=0, VelYLeft=0, CohLeft=100, VelXRight=-3.5, VelYRight=0, CohRight=100}, 2),19:02:00.6664576
({Id=1, Duration=2, Size=3, Colour1=0, Colour2=1, numDots1=150, numDots2=150, dotLifeBool=0, dotLifetime=20, Contrast=1, VelXLeft=0, VelYLeft=0, CohLeft=100, VelXRight=-3.5, VelYRight=0, CohRight=100}, 2),19:02:06.6912384
({Id=0, Duration=2, Size=3, Colour1=0, Colour2=1, numDots1=150, numDots2=150, dotLifeBool=0, dotLifetime=20, Contrast=1, VelXLeft=-3.5, VelYLeft=0, CohLeft=100, VelXRight=0, VelYRight=0, CohRight=100}, 1),19:02:12.3662464
({Id=1, Duration=2, Size=3, Colour1=0, Colour2=1, numDots1=150, numDots2=150, dotLifeBool=0, dotLifetime=20, Contrast=1, VelXLeft=0, VelYLeft=0, CohLeft=100, VelXRight=-3.5, VelYRight=0, CohRight=100}, 2),19:02:18.1659648
({Id=0, Duration=2, Size=3, Colour1=0, Colour2=1, numDots1=150, numDots2=150, dotLifeBool=0, dotLifetime=20, Contrast=1, VelXLeft=-3.5, VelYLeft=0, CohLeft=100, VelXRight=0, VelYRight=0, CohRight=100}, 1),19:02:23.8910464
({Id=0, Duration=2, Size=3, Colour1=0, Colour2=1, numDots1=150, numDots2=150, dotLifeBool=0, dotLifetime=20, Contrast=1, VelXLeft=-3.5, VelYLeft=0, CohLeft=100, VelXRight=0, VelYRight=0, CohRight=100}, 1),19:02:29.4908672
({Id=1, Duration=2, Size=3, Colour1=0, Colour2=1, numDots1=150, numDots2=150, dotLifeBool=0, dotLifetime=20, Contrast=1, VelXLeft=0, VelYLeft=0, CohLeft=100, VelXRight=-3.5, VelYRight=0, CohRight=100}, 2),19:02:35.3901824
({Id=1, Duration=2, Size=3, Colour1=0, Colour2=1, numDots1=150, numDots2=150, dotLifeBool=0, dotLifetime=20, Contrast=1, VelXLeft=0, VelYLeft=0, CohLeft=100, VelXRight=-3.5, VelYRight=0, CohRight=100}, 2),19:02:41.0398848
({Id=0, Duration=2, Size=3, Colour1=0, Colour2=1, numDots1=150, numDots2=150, dotLifeBool=0, dotLifetime=20, Contrast=1, VelXLeft=-3.5, VelYLeft=0, CohLeft=100, VelXRight=0, VelYRight=0, CohRight=100}, 1),19:02:46.7896320
({Id=1, Duration=2, Size=3, Colour1=0, Colour2=1, numDots1=150, numDots2=150, dotLifeBool=0, dotLifetime=20, Contrast=1, VelXLeft=0, VelYLeft=0, CohLeft=100, VelXRight=-3.5, VelYRight=0, CohRight=100}, 2),19:02:52.6646400
({Id=0, Duration=2, Size=3, Colour1=0, Colour2=1, numDots1=150, numDots2=150, dotLifeBool=0, dotLifetime=20, Contrast=1, VelXLeft=-3.5, VelYLeft=0, CohLeft=100, VelXRight=0, VelYRight=0, CohRight=100}, 1),19:02:58.6898176
({Id=1, Duration=2, Size=3, Colour1=0, Colour2=1, numDots1=150, numDots2=150, dotLifeBool=0, dotLifetime=20, Contrast=1, VelXLeft=0, VelYLeft=0, CohLeft=100, VelXRight=-3.5, VelYRight=0, CohRight=100}, 2),19:03:04.2645760
({Id=0, Duration=2, Size=3, Colour1=0, Colour2=1, numDots1=150, numDots2=150, dotLifeBool=0, dotLifetime=20, Contrast=1, VelXLeft=-3.5, VelYLeft=0, CohLeft=100, VelXRight=0, VelYRight=0, CohRight=100}, 1),19:03:09.8895872
({Id=0, Duration=2, Size=3, Colour1=0, Colour2=1, numDots1=150, numDots2=150, dotLifeBool=0, dotLifetime=20, Contrast=1, VelXLeft=-3.5, VelYLeft=0, CohLeft=100, VelXRight=0, VelYRight=0, CohRight=100}, 1),19:03:15.6642304
({Id=1, Duration=2, Size=3, Colour1=0, Colour2=1, numDots1=150, numDots2=150, dotLifeBool=0, dotLifetime=20, Contrast=1, VelXLeft=0, VelYLeft=0, CohLeft=100, VelXRight=-3.5, VelYRight=0, CohRight=100}, 2),19:03:21.5142144
({Id=1, Duration=2, Size=3, Colour1=0, Colour2=1, numDots1=150, numDots2=150, dotLifeBool=0, dotLifetime=20, Contrast=1, VelXLeft=0, VelYLeft=0, CohLeft=100, VelXRight=-3.5, VelYRight=0, CohRight=100}, 2),19:03:27.2145792
({Id=0, Duration=2, Size=3, Colour1=0, Colour2=1, numDots1=150, numDots2=150, dotLifeBool=0, dotLifetime=20, Contrast=1, VelXLeft=-3.5, VelYLeft=0, CohLeft=100, VelXRight=0, VelYRight=0, CohRight=100}, 1),19:03:32.8891520
({Id=0, Duration=2, Size=3, Colour1=0, Colour2=1, numDots1=150, numDots2=150, dotLifeBool=0, dotLifetime=20, Contrast=1, VelXLeft=-3.5, VelYLeft=0, CohLeft=100, VelXRight=0, VelYRight=0, CohRight=100}, 1),19:03:38.5379072
({Id=1, Duration=2, Size=3, Colour1=0, Colour2=1, numDots1=150, numDots2=150, dotLifeBool=0, dotLifetime=20, Contrast=1, VelXLeft=0, VelYLeft=0, CohLeft=100, VelXRight=-3.5, VelYRight=0, CohRight=100}, 2),19:03:44.5379328
({Id=0, Duration=2, Size=3, Colour1=0, Colour2=1, numDots1=150, numDots2=150, dotLifeBool=0, dotLifetime=20, Contrast=1, VelXLeft=-3.5, VelYLeft=0, CohLeft=100, VelXRight=0, VelYRight=0, CohRight=100}, 1),19:03:50.4622336
({Id=1, Duration=2, Size=3, Colour1=0, Colour2=1, numDots1=150, numDots2=150, dotLifeBool=0, dotLifetime=20, Contrast=1, VelXLeft=0, VelYLeft=0, CohLeft=100, VelXRight=-3.5, VelYRight=0, CohRight=100}, 2),19:03:56.3892736
({Id=1, Duration=2, Size=3, Colour1=0, Colour2=1, numDots1=150, numDots2=150, dotLifeBool=0, dotLifetime=20, Contrast=1, VelXLeft=0, VelYLeft=0, CohLeft=100, VelXRight=-3.5, VelYRight=0, CohRight=100}, 2),19:04:01.9369600
({Id=0, Duration=2, Size=3, Colour1=0, Colour2=1, numDots1=150, numDots2=150, dotLifeBool=0, dotLifetime=20, Contrast=1, VelXLeft=-3.5, VelYLeft=0, CohLeft=100, VelXRight=0, VelYRight=0, CohRight=100}, 1),19:04:07.9382528
({Id=1, Duration=2, Size=3, Colour1=0, Colour2=1, numDots1=150, numDots2=150, dotLifeBool=0, dotLifetime=20, Contrast=1, VelXLeft=0, VelYLeft=0, CohLeft=100, VelXRight=-3.5, VelYRight=0, CohRight=100}, 2),19:04:13.8637952
({Id=0, Duration=2, Size=3, Colour1=0, Colour2=1, numDots1=150, numDots2=150, dotLifeBool=0, dotLifetime=20, Contrast=1, VelXLeft=-3.5, VelYLeft=0, CohLeft=100, VelXRight=0, VelYRight=0, CohRight=100}, 1),19:04:19.8363264
({Id=0, Duration=2, Size=3, Colour1=0, Colour2=1, numDots1=150, numDots2=150, dotLifeBool=0, dotLifetime=20, Contrast=1, VelXLeft=-3.5, VelYLeft=0, CohLeft=100, VelXRight=0, VelYRight=0, CohRight=100}, 1),19:04:25.4860928
({Id=1, Duration=2, Size=3, Colour1=0, Colour2=1, numDots1=150, numDots2=150, dotLifeBool=0, dotLifetime=20, Contrast=1, VelXLeft=0, VelYLeft=0, CohLeft=100, VelXRight=-3.5, VelYRight=0, CohRight=100}, 2),19:04:31.2609024
({Id=1, Duration=2, Size=3, Colour1=0, Colour2=1, numDots1=150, numDots2=150, dotLifeBool=0, dotLifetime=20, Contrast=1, VelXLeft=0, VelYLeft=0, CohLeft=100, VelXRight=-3.5, VelYRight=0, CohRight=100}, 2),19:04:37.1613312
({Id=0, Duration=2, Size=3, Colour1=0, Colour2=1, numDots1=150, numDots2=150, dotLifeBool=0, dotLifetime=20, Contrast=1, VelXLeft=-3.5, VelYLeft=0, CohLeft=100, VelXRight=0, VelYRight=0, CohRight=100}, 1),19:04:42.9643392
({Id=1, Duration=2, Size=3, Colour1=0, Colour2=1, numDots1=150, numDots2=150, dotLifeBool=0, dotLifetime=20, Contrast=1, VelXLeft=0, VelYLeft=0, CohLeft=100, VelXRight=-3.5, VelYRight=0, CohRight=100}, 2),19:04:48.5362560
({Id=0, Duration=2, Size=3, Colour1=0, Colour2=1, numDots1=150, numDots2=150, dotLifeBool=0, dotLifetime=20, Contrast=1, VelXLeft=-3.5, VelYLeft=0, CohLeft=100, VelXRight=0, VelYRight=0, CohRight=100}, 1),19:04:54.1610880
({Id=1, Duration=2, Size=3, Colour1=0, Colour2=1, numDots1=150, numDots2=150, dotLifeBool=0, dotLifetime=20, Contrast=1, VelXLeft=0, VelYLeft=0, CohLeft=100, VelXRight=-3.5, VelYRight=0, CohRight=100}, 2),19:04:59.8100480
({Id=0, Duration=2, Size=3, Colour1=0, Colour2=1, numDots1=150, numDots2=150, dotLifeBool=0, dotLifetime=20, Contrast=1, VelXLeft=-3.5, VelYLeft=0, CohLeft=100, VelXRight=0, VelYRight=0, CohRight=100}, 1),19:05:05.3855104
({Id=1, Duration=2, Size=3, Colour1=0, Colour2=1, numDots1=150, numDots2=150, dotLifeBool=0, dotLifetime=20, Contrast=1, VelXLeft=0, VelYLeft=0, CohLeft=100, VelXRight=-3.5, VelYRight=0, CohRight=100}, 2),19:05:10.9857792
({Id=0, Duration=2, Size=3, Colour1=0, Colour2=1, numDots1=150, numDots2=150, dotLifeBool=0, dotLifetime=20, Contrast=1, VelXLeft=-3.5, VelYLeft=0, CohLeft=100, VelXRight=0, VelYRight=0, CohRight=100}, 1),19:05:16.7603328
({Id=0, Duration=2, Size=3, Colour1=0, Colour2=1, numDots1=150, numDots2=150, dotLifeBool=0, dotLifetime=20, Contrast=1, VelXLeft=-3.5, VelYLeft=0, CohLeft=100, VelXRight=0, VelYRight=0, CohRight=100}, 1),19:05:22.4345600
({Id=1, Duration=2, Size=3, Colour1=0, Colour2=1, numDots1=150, numDots2=150, dotLifeBool=0, dotLifetime=20, Contrast=1, VelXLeft=0, VelYLeft=0, CohLeft=100, VelXRight=-3.5, VelYRight=0, CohRight=100}, 2),19:05:28.0857856
({Id=0, Duration=2, Size=3, Colour1=0, Colour2=1, numDots1=150, numDots2=150, dotLifeBool=0, dotLifetime=20, Contrast=1, VelXLeft=-3.5, VelYLeft=0, CohLeft=100, VelXRight=0, VelYRight=0, CohRight=100}, 1),19:05:33.9090432
({Id=1, Duration=2, Size=3, Colour1=0, Colour2=1, numDots1=150, numDots2=150, dotLifeBool=0, dotLifetime=20, Contrast=1, VelXLeft=0, VelYLeft=0, CohLeft=100, VelXRight=-3.5, VelYRight=0, CohRight=100}, 2),19:05:39.6596608
({Id=1, Duration=2, Size=3, Colour1=0, Colour2=1, numDots1=150, numDots2=150, dotLifeBool=0, dotLifetime=20, Contrast=1, VelXLeft=0, VelYLeft=0, CohLeft=100, VelXRight=-3.5, VelYRight=0, CohRight=100}, 2),19:05:45.4835200
({Id=0, Duration=2, Size=3, Colour1=0, Colour2=1, numDots1=150, numDots2=150, dotLifeBool=0, dotLifetime=20, Contrast=1, VelXLeft=-3.5, VelYLeft=0, CohLeft=100, VelXRight=0, VelYRight=0, CohRight=100}, 1),19:05:51.5080704
({Id=1, Duration=2, Size=3, Colour1=0, Colour2=1, numDots1=150, numDots2=150, dotLifeBool=0, dotLifetime=20, Contrast=1, VelXLeft=0, VelYLeft=0, CohLeft=100, VelXRight=-3.5, VelYRight=0, CohRight=100}, 2),19:05:57.4832000
({Id=0, Duration=2, Size=3, Colour1=0, Colour2=1, numDots1=150, numDots2=150, dotLifeBool=0, dotLifetime=20, Contrast=1, VelXLeft=-3.5, VelYLeft=0, CohLeft=100, VelXRight=0, VelYRight=0, CohRight=100}, 1),19:06:03.2076288
({Id=0, Duration=2, Size=3, Colour1=0, Colour2=1, numDots1=150, numDots2=150, dotLifeBool=0, dotLifetime=20, Contrast=1, VelXLeft=-3.5, VelYLeft=0, CohLeft=100, VelXRight=0, VelYRight=0, CohRight=100}, 1),19:06:08.9085952
({Id=1, Duration=2, Size=3, Colour1=0, Colour2=1, numDots1=150, numDots2=150, dotLifeBool=0, dotLifetime=20, Contrast=1, VelXLeft=0, VelYLeft=0, CohLeft=100, VelXRight=-3.5, VelYRight=0, CohRight=100}, 2),19:06:14.7831552
({Id=0, Duration=2, Size=3, Colour1=0, Colour2=1, numDots1=150, numDots2=150, dotLifeBool=0, dotLifetime=20, Contrast=1, VelXLeft=-3.5, VelYLeft=0, CohLeft=100, VelXRight=0, VelYRight=0, CohRight=100}, 1),19:06:20.3569920
({Id=1, Duration=2, Size=3, Colour1=0, Colour2=1, numDots1=150, numDots2=150, dotLifeBool=0, dotLifetime=20, Contrast=1, VelXLeft=0, VelYLeft=0, CohLeft=100, VelXRight=-3.5, VelYRight=0, CohRight=100}, 2),19:06:26.1069056
({Id=0, Duration=2, Size=3, Colour1=0, Colour2=1, numDots1=150, numDots2=150, dotLifeBool=0, dotLifetime=20, Contrast=1, VelXLeft=-3.5, VelYLeft=0, CohLeft=100, VelXRight=0, VelYRight=0, CohRight=100}, 1),19:06:31.9066880
({Id=1, Duration=2, Size=3, Colour1=0, Colour2=1, numDots1=150, numDots2=150, dotLifeBool=0, dotLifetime=20, Contrast=1, VelXLeft=0, VelYLeft=0, CohLeft=100, VelXRight=-3.5, VelYRight=0, CohRight=100}, 2),19:06:37.5565696
({Id=1, Duration=2, Size=3, Colour1=0, Colour2=1, numDots1=150, numDots2=150, dotLifeBool=0, dotLifetime=20, Contrast=1, VelXLeft=0, VelYLeft=0, CohLeft=100, VelXRight=-3.5, VelYRight=0, CohRight=100}, 2),19:06:43.3569920
({Id=0, Duration=2, Size=3, Colour1=0, Colour2=1, numDots1=150, numDots2=150, dotLifeBool=0, dotLifetime=20, Contrast=1, VelXLeft=-3.5, VelYLeft=0, CohLeft=100, VelXRight=0, VelYRight=0, CohRight=100}, 1),19:06:48.9812608
({Id=0, Duration=2, Size=3, Colour1=0, Colour2=1, numDots1=150, numDots2=150, dotLifeBool=0, dotLifetime=20, Contrast=1, VelXLeft=-3.5, VelYLeft=0, CohLeft=100, VelXRight=0, VelYRight=0, CohRight=100}, 1),19:06:55.0058496
({Id=1, Duration=2, Size=3, Colour1=0, Colour2=1, numDots1=150, numDots2=150, dotLifeBool=0, dotLifetime=20, Contrast=1, VelXLeft=0, VelYLeft=0, CohLeft=100, VelXRight=-3.5, VelYRight=0, CohRight=100}, 2),19:07:00.9321728
({Id=0, Duration=2, Size=3, Colour1=0, Colour2=1, numDots1=150, numDots2=150, dotLifeBool=0, dotLifetime=20, Contrast=1, VelXLeft=-3.5, VelYLeft=0, CohLeft=100, VelXRight=0, VelYRight=0, CohRight=100}, 1),19:07:06.5058944
({Id=1, Duration=2, Size=3, Colour1=0, Colour2=1, numDots1=150, numDots2=150, dotLifeBool=0, dotLifetime=20, Contrast=1, VelXLeft=0, VelYLeft=0, CohLeft=100, VelXRight=-3.5, VelYRight=0, CohRight=100}, 2),19:07:12.1051776
({Id=1, Duration=2, Size=3, Colour1=0, Colour2=1, numDots1=150, numDots2=150, dotLifeBool=0, dotLifetime=20, Contrast=1, VelXLeft=0, VelYLeft=0, CohLeft=100, VelXRight=-3.5, VelYRight=0, CohRight=100}, 2),19:07:18.0566656
({Id=0, Duration=2, Size=3, Colour1=0, Colour2=1, numDots1=150, numDots2=150, dotLifeBool=0, dotLifetime=20, Contrast=1, VelXLeft=-3.5, VelYLeft=0, CohLeft=100, VelXRight=0, VelYRight=0, CohRight=100}, 1),19:07:23.7803264
({Id=0, Duration=2, Size=3, Colour1=0, Colour2=1, numDots1=150, numDots2=150, dotLifeBool=0, dotLifetime=20, Contrast=1, VelXLeft=-3.5, VelYLeft=0, CohLeft=100, VelXRight=0, VelYRight=0, CohRight=100}, 1),19:07:29.3547008
({Id=1, Duration=2, Size=3, Colour1=0, Colour2=1, numDots1=150, numDots2=150, dotLifeBool=0, dotLifetime=20, Contrast=1, VelXLeft=0, VelYLeft=0, CohLeft=100, VelXRight=-3.5, VelYRight=0, CohRight=100}, 2),19:07:35.0547328
({Id=1, Duration=2, Size=3, Colour1=0, Colour2=1, numDots1=150, numDots2=150, dotLifeBool=0, dotLifetime=20, Contrast=1, VelXLeft=0, VelYLeft=0, CohLeft=100, VelXRight=-3.5, VelYRight=0, CohRight=100}, 2),19:07:40.6540672
({Id=0, Duration=2, Size=3, Colour1=0, Colour2=1, numDots1=150, numDots2=150, dotLifeBool=0, dotLifetime=20, Contrast=1, VelXLeft=-3.5, VelYLeft=0, CohLeft=100, VelXRight=0, VelYRight=0, CohRight=100}, 1),19:07:46.5790848
({Id=1, Duration=2, Size=3, Colour1=0, Colour2=1, numDots1=150, numDots2=150, dotLifeBool=0, dotLifetime=20, Contrast=1, VelXLeft=0, VelYLeft=0, CohLeft=100, VelXRight=-3.5, VelYRight=0, CohRight=100}, 2),19:07:52.5037056
({Id=0, Duration=2, Size=3, Colour1=0, Colour2=1, numDots1=150, numDots2=150, dotLifeBool=0, dotLifetime=20, Contrast=1, VelXLeft=-3.5, VelYLeft=0, CohLeft=100, VelXRight=0, VelYRight=0, CohRight=100}, 1),19:07:58.4291328
({Id=1, Duration=2, Size=3, Colour1=0, Colour2=1, numDots1=150, numDots2=150, dotLifeBool=0, dotLifetime=20, Contrast=1, VelXLeft=0, VelYLeft=0, CohLeft=100, VelXRight=-3.5, VelYRight=0, CohRight=100}, 2),19:08:04.1293824
({Id=0, Duration=2, Size=3, Colour1=0, Colour2=1, numDots1=150, numDots2=150, dotLifeBool=0, dotLifetime=20, Contrast=1, VelXLeft=-3.5, VelYLeft=0, CohLeft=100, VelXRight=0, VelYRight=0, CohRight=100}, 1),19:08:10.1794176
({Id=1, Duration=2, Size=3, Colour1=0, Colour2=1, numDots1=150, numDots2=150, dotLifeBool=0, dotLifetime=20, Contrast=1, VelXLeft=0, VelYLeft=0, CohLeft=100, VelXRight=-3.5, VelYRight=0, CohRight=100}, 2),19:08:15.7279616
({Id=0, Duration=2, Size=3, Colour1=0, Colour2=1, numDots1=150, numDots2=150, dotLifeBool=0, dotLifetime=20, Contrast=1, VelXLeft=-3.5, VelYLeft=0, CohLeft=100, VelXRight=0, VelYRight=0, CohRight=100}, 1),19:08:21.4286208
({Id=0, Duration=2, Size=3, Colour1=0, Colour2=1, numDots1=150, numDots2=150, dotLifeBool=0, dotLifetime=20, Contrast=1, VelXLeft=-3.5, VelYLeft=0, CohLeft=100, VelXRight=0, VelYRight=0, CohRight=100}, 1),19:08:27.2774272
({Id=1, Duration=2, Size=3, Colour1=0, Colour2=1, numDots1=150, numDots2=150, dotLifeBool=0, dotLifetime=20, Contrast=1, VelXLeft=0, VelYLeft=0, CohLeft=100, VelXRight=-3.5, VelYRight=0, CohRight=100}, 2),19:08:32.8775040
({Id=1, Duration=2, Size=3, Colour1=0, Colour2=1, numDots1=150, numDots2=150, dotLifeBool=0, dotLifetime=20, Contrast=1, VelXLeft=0, VelYLeft=0, CohLeft=100, VelXRight=-3.5, VelYRight=0, CohRight=100}, 2),19:08:38.5783680
({Id=0, Duration=2, Size=3, Colour1=0, Colour2=1, numDots1=150, numDots2=150, dotLifeBool=0, dotLifetime=20, Contrast=1, VelXLeft=-3.5, VelYLeft=0, CohLeft=100, VelXRight=0, VelYRight=0, CohRight=100}, 1),19:08:44.3777792
({Id=1, Duration=2, Size=3, Colour1=0, Colour2=1, numDots1=150, numDots2=150, dotLifeBool=0, dotLifetime=20, Contrast=1, VelXLeft=0, VelYLeft=0, CohLeft=100, VelXRight=-3.5, VelYRight=0, CohRight=100}, 2),19:08:50.3268736
({Id=0, Duration=2, Size=3, Colour1=0, Colour2=1, numDots1=150, numDots2=150, dotLifeBool=0, dotLifetime=20, Contrast=1, VelXLeft=-3.5, VelYLeft=0, CohLeft=100, VelXRight=0, VelYRight=0, CohRight=100}, 1),19:08:56.1522688
({Id=1, Duration=2, Size=3, Colour1=0, Colour2=1, numDots1=150, numDots2=150, dotLifeBool=0, dotLifetime=20, Contrast=1, VelXLeft=0, VelYLeft=0, CohLeft=100, VelXRight=-3.5, VelYRight=0, CohRight=100}, 2),19:09:01.8772864
({Id=0, Duration=2, Size=3, Colour1=0, Colour2=1, numDots1=150, numDots2=150, dotLifeBool=0, dotLifetime=20, Contrast=1, VelXLeft=-3.5, VelYLeft=0, CohLeft=100, VelXRight=0, VelYRight=0, CohRight=100}, 1),19:09:07.8518400
({Id=0, Duration=2, Size=3, Colour1=0, Colour2=1, numDots1=150, numDots2=150, dotLifeBool=0, dotLifetime=20, Contrast=1, VelXLeft=-3.5, VelYLeft=0, CohLeft=100, VelXRight=0, VelYRight=0, CohRight=100}, 1),19:09:13.4757504
({Id=1, Duration=2, Size=3, Colour1=0, Colour2=1, numDots1=150, numDots2=150, dotLifeBool=0, dotLifetime=20, Contrast=1, VelXLeft=0, VelYLeft=0, CohLeft=100, VelXRight=-3.5, VelYRight=0, CohRight=100}, 2),19:09:19.1255424
({Id=0, Duration=2, Size=3, Colour1=0, Colour2=1, numDots1=150, numDots2=150, dotLifeBool=0, dotLifetime=20, Contrast=1, VelXLeft=-3.5, VelYLeft=0, CohLeft=100, VelXRight=0, VelYRight=0, CohRight=100}, 1),19:09:24.7769216
({Id=1, Duration=2, Size=3, Colour1=0, Colour2=1, numDots1=150, numDots2=150, dotLifeBool=0, dotLifetime=20, Contrast=1, VelXLeft=0, VelYLeft=0, CohLeft=100, VelXRight=-3.5, VelYRight=0, CohRight=100}, 2),19:09:30.7250816
({Id=0, Duration=2, Size=3, Colour1=0, Colour2=1, numDots1=150, numDots2=150, dotLifeBool=0, dotLifetime=20, Contrast=1, VelXLeft=-3.5, VelYLeft=0, CohLeft=100, VelXRight=0, VelYRight=0, CohRight=100}, 1),19:09:36.5999232
({Id=1, Duration=2, Size=3, Colour1=0, Colour2=1, numDots1=150, numDots2=150, dotLifeBool=0, dotLifetime=20, Contrast=1, VelXLeft=0, VelYLeft=0, CohLeft=100, VelXRight=-3.5, VelYRight=0, CohRight=100}, 2),19:09:42.4502912
({Id=0, Duration=2, Size=3, Colour1=0, Colour2=1, numDots1=150, numDots2=150, dotLifeBool=0, dotLifetime=20, Contrast=1, VelXLeft=-3.5, VelYLeft=0, CohLeft=100, VelXRight=0, VelYRight=0, CohRight=100}, 1),19:09:48.2751488
({Id=1, Duration=2, Size=3, Colour1=0, Colour2=1, numDots1=150, numDots2=150, dotLifeBool=0, dotLifetime=20, Contrast=1, VelXLeft=0, VelYLeft=0, CohLeft=100, VelXRight=-3.5, VelYRight=0, CohRight=100}, 2),19:09:53.9242496
({Id=0, Duration=2, Size=3, Colour1=0, Colour2=1, numDots1=150, numDots2=150, dotLifeBool=0, dotLifetime=20, Contrast=1, VelXLeft=-3.5, VelYLeft=0, CohLeft=100, VelXRight=0, VelYRight=0, CohRight=100}, 1),19:09:59.9251328
({Id=1, Duration=2, Size=3, Colour1=0, Colour2=1, numDots1=150, numDots2=150, dotLifeBool=0, dotLifetime=20, Contrast=1, VelXLeft=0, VelYLeft=0, CohLeft=100, VelXRight=-3.5, VelYRight=0, CohRight=100}, 2),19:10:05.7510528
({Id=0, Duration=2, Size=3, Colour1=0, Colour2=1, numDots1=150, numDots2=150, dotLifeBool=0, dotLifetime=20, Contrast=1, VelXLeft=-3.5, VelYLeft=0, CohLeft=100, VelXRight=0, VelYRight=0, CohRight=100}, 1),19:10:11.4737024
({Id=1, Duration=2, Size=3, Colour1=0, Colour2=1, numDots1=150, numDots2=150, dotLifeBool=0, dotLifetime=20, Contrast=1, VelXLeft=0, VelYLeft=0, CohLeft=100, VelXRight=-3.5, VelYRight=0, CohRight=100}, 2),19:10:17.3247488
({Id=1, Duration=2, Size=3, Colour1=0, Colour2=1, numDots1=150, numDots2=150, dotLifeBool=0, dotLifetime=20, Contrast=1, VelXLeft=0, VelYLeft=0, CohLeft=100, VelXRight=-3.5, VelYRight=0, CohRight=100}, 2),19:10:22.8740224
({Id=0, Duration=2, Size=3, Colour1=0, Colour2=1, numDots1=150, numDots2=150, dotLifeBool=0, dotLifetime=20, Contrast=1, VelXLeft=-3.5, VelYLeft=0, CohLeft=100, VelXRight=0, VelYRight=0, CohRight=100}, 1),19:10:28.8249600
({Id=0, Duration=2, Size=3, Colour1=0, Colour2=1, numDots1=150, numDots2=150, dotLifeBool=0, dotLifetime=20, Contrast=1, VelXLeft=-3.5, VelYLeft=0, CohLeft=100, VelXRight=0, VelYRight=0, CohRight=100}, 1),19:10:34.7982080
({Id=1, Duration=2, Size=3, Colour1=0, Colour2=1, numDots1=150, numDots2=150, dotLifeBool=0, dotLifetime=20, Contrast=1, VelXLeft=0, VelYLeft=0, CohLeft=100, VelXRight=-3.5, VelYRight=0, CohRight=100}, 2),19:10:40.5978624
({Id=0, Duration=2, Size=3, Colour1=0, Colour2=1, numDots1=150, numDots2=150, dotLifeBool=0, dotLifetime=20, Contrast=1, VelXLeft=-3.5, VelYLeft=0, CohLeft=100, VelXRight=0, VelYRight=0, CohRight=100}, 1),19:10:46.3490944
({Id=1, Duration=2, Size=3, Colour1=0, Colour2=1, numDots1=150, numDots2=150, dotLifeBool=0, dotLifetime=20, Contrast=1, VelXLeft=0, VelYLeft=0, CohLeft=100, VelXRight=-3.5, VelYRight=0, CohRight=100}, 2),19:10:52.2993664
